[{"model": "shop.productclass", "pk": 1, "fields": {"name": "Shoes", "slug": "shoes"}}, {"model": "shop.productclass", "pk": 2, "fields": {"name": "Pants", "slug": "pants"}}, {"model": "shop.productclass", "pk": 3, "fields": {"name": "Clothing Wears", "slug": "clothing-wears"}}, {"model": "shop.productclass", "pk": 4, "fields": {"name": "Belts", "slug": "belts"}}, {"model": "shop.productclass", "pk": 5, "fields": {"name": "Bags", "slug": "bags"}}, {"model": "shop.productclass", "pk": 6, "fields": {"name": "suits", "slug": "suits"}}, {"model": "shop.productattributeoption", "pk": 1, "fields": {"option": "40", "img": "", "group": 1}}, {"model": "shop.productattributeoption", "pk": 2, "fields": {"option": "41", "img": "", "group": 1}}, {"model": "shop.productattributeoption", "pk": 3, "fields": {"option": "42", "img": "", "group": 1}}, {"model": "shop.productattributeoption", "pk": 4, "fields": {"option": "43", "img": "", "group": 1}}, {"model": "shop.productattributeoption", "pk": 5, "fields": {"option": "44", "img": "", "group": 1}}, {"model": "shop.productattributeoption", "pk": 6, "fields": {"option": "45", "img": "", "group": 1}}, {"model": "shop.productattributeoption", "pk": 7, "fields": {"option": "46", "img": "", "group": 1}}, {"model": "shop.productattributeoption", "pk": 8, "fields": {"option": "Black", "img": "", "group": 2}}, {"model": "shop.productattributeoption", "pk": 9, "fields": {"option": "white", "img": "", "group": 2}}, {"model": "shop.productattributeoption", "pk": 10, "fields": {"option": "brown", "img": "", "group": 2}}, {"model": "shop.productattributeoption", "pk": 11, "fields": {"option": "pure leather", "img": "", "group": 3}}, {"model": "shop.productattributeoption", "pk": 12, "fields": {"option": "croc skin", "img": "option_images/2150394929.jpg", "group": 3}}, {"model": "shop.productattributeoption", "pk": 13, "fields": {"option": "synthetic leather", "img": "", "group": 3}}, {"model": "shop.productattributeoption", "pk": 14, "fields": {"option": "sued", "img": "", "group": 3}}, {"model": "shop.productattributeoption", "pk": 15, "fields": {"option": "cotton", "img": "option_images/27534.jpg", "group": 3}}, {"model": "shop.productattributeoption", "pk": 16, "fields": {"option": "52", "img": "", "group": 1}}, {"model": "shop.productattributeoption", "pk": 17, "fields": {"option": "50", "img": "", "group": 1}}, {"model": "shop.productattributeoptiongroup", "pk": 1, "fields": {"name": "size"}}, {"model": "shop.productattributeoptiongroup", "pk": 2, "fields": {"name": "colour"}}, {"model": "shop.productattributeoptiongroup", "pk": 3, "fields": {"name": "material"}}, {"model": "shop.productattribute", "pk": 1, "fields": {"name": "size", "code": "size", "type": "multi_option", "required": true, "product_class": 6, "option_group": 1}}, {"model": "shop.productattribute", "pk": 2, "fields": {"name": "colour", "code": "CLR", "type": "multi_option", "required": true, "product_class": 1, "option_group": 2}}, {"model": "shop.productattribute", "pk": 3, "fields": {"name": "material", "code": "MAT", "type": "multi_option", "required": true, "product_class": 1, "option_group": 3}}, {"model": "shop.productattributevalue", "pk": 1, "fields": {"value_text": "", "value_integer": null, "value_boolean": null, "value_float": null, "value_richtext": "", "value_date": null, "value_datetime": null, "product": 1, "attribute": 1, "value_option": null, "value_multi_option": [1, 2, 3, 4, 5, 6, 7]}}, {"model": "shop.productattributevalue", "pk": 2, "fields": {"value_text": "", "value_integer": null, "value_boolean": null, "value_float": null, "value_richtext": "", "value_date": null, "value_datetime": null, "product": 1, "attribute": 2, "value_option": null, "value_multi_option": [8, 10]}}, {"model": "shop.productattributevalue", "pk": 3, "fields": {"value_text": "", "value_integer": null, "value_boolean": null, "value_float": null, "value_richtext": "", "value_date": null, "value_datetime": null, "product": 1, "attribute": 3, "value_option": null, "value_multi_option": [12]}}, {"model": "shop.productattributevalue", "pk": 4, "fields": {"value_text": "cotton", "value_integer": null, "value_boolean": null, "value_float": null, "value_richtext": "", "value_date": null, "value_datetime": null, "product": 2, "attribute": 3, "value_option": null, "value_multi_option": [15]}}, {"model": "shop.productattributevalue", "pk": 5, "fields": {"value_text": "", "value_integer": null, "value_boolean": null, "value_float": null, "value_richtext": "", "value_date": null, "value_datetime": null, "product": 2, "attribute": 1, "value_option": null, "value_multi_option": [16, 17]}}, {"model": "shop.productcategory", "pk": 1, "fields": {"path": "0001", "depth": 1, "numchild": 0, "name": "Casual Shoes", "_name_verbose": "Casual Shoes", "description": "", "slug": "shoes-1", "meta_title": null, "meta_description": "", "is_public": true, "ancestors_are_public": true, "image": "", "product_class": 1}}, {"model": "shop.productcategory", "pk": 2, "fields": {"path": "0002", "depth": 1, "numchild": 0, "name": "Formal Shoes", "_name_verbose": "Formal Shoes", "description": "", "slug": "formal-shoes-2", "meta_title": null, "meta_description": "", "is_public": true, "ancestors_are_public": true, "image": "", "product_class": 1}}, {"model": "shop.productcategory", "pk": 3, "fields": {"path": "0004", "depth": 1, "numchild": 0, "name": "suits", "_name_verbose": "suits", "description": "", "slug": "suits-3", "meta_title": null, "meta_description": "", "is_public": true, "ancestors_are_public": true, "image": "", "product_class": 3}}, {"model": "shop.productcategory", "pk": 4, "fields": {"path": "0005", "depth": 1, "numchild": 0, "name": "Jackets", "_name_verbose": "jackets", "description": "", "slug": "jackets-4", "meta_title": null, "meta_description": "", "is_public": true, "ancestors_are_public": true, "image": "", "product_class": null}}, {"model": "shop.productmedia", "pk": 1, "fields": {"product": 1, "media": "shop/products/product_273449308956747/8.jpg", "tag": null, "display_order": 0}}, {"model": "shop.productmedia", "pk": 2, "fields": {"product": 1, "media": "shop/products/product_273449308956747/7.jpg", "tag": null, "display_order": 1}}, {"model": "shop.productmedia", "pk": 3, "fields": {"product": 2, "media": "shop/products/product_173614335222647/1.jpg", "tag": null, "display_order": 0}}, {"model": "shop.productmedia", "pk": 4, "fields": {"product": 3, "media": "shop/products/product_298475366865246/Multi-pocket_cotton_jacket_-__Man___Mango_Man_Ireland.jpeg", "tag": null, "display_order": 0}}, {"model": "shop.productmedia", "pk": 5, "fields": {"product": 4, "media": "shop/products/product_307261484670854/ty.jpeg", "tag": null, "display_order": 0}}, {"model": "shop.productmedia", "pk": 6, "fields": {"product": 5, "media": "shop/products/product_248483077734130/Luxury_Men_Trench_Jacket_Brown_Double_Breasted_Style_Slim_Fit_Party_Wear_Winter_Wool_Dinner_Coat_Stylish_Coat_Elegant_Coat_Bespoke_For_Men.jpeg", "tag": null, "display_order": 0}}, {"model": "shop.product", "pk": 1, "fields": {"product_id": "273449308956747", "product_class": 1, "title": "Eleganza Bikata", "description": "Dope", "created_at": "2023-10-07T03:27:05.582Z", "last_modified": null, "gender": "Men", "price": "92.50", "currency": 2, "old_price": "38000.00", "rating": null, "in_stock": true, "slug": "eleganza-bikata-273449308956747", "is_free_delivery": false, "is_ready_to_ship": false, "category": [2], "saved_by": []}}, {"model": "shop.product", "pk": 2, "fields": {"product_id": "173614335222647", "product_class": 3, "title": "Granda beskpoke double breasted", "description": "it is so dope", "created_at": "2023-10-13T14:52:01.538Z", "last_modified": null, "gender": "Men", "price": "125.00", "currency": 2, "old_price": "65000.00", "rating": null, "in_stock": true, "slug": "granda-beskpoke-double-breasted-173614335222647", "is_free_delivery": false, "is_ready_to_ship": true, "category": [3], "saved_by": []}}, {"model": "shop.product", "pk": 3, "fields": {"product_id": "298475366865246", "product_class": 3, "title": "Multi-pocket cotton jacket", "description": "Smart collection. Short design. Water-repellent technical fabric. Cotton-blend fabric. Classic collar. Multiple pockets. Long sleeve with loops to roll up the sleeve. Button fastening on the front section. Waist with adjustable inner cord. Without inner lining.\r\n\r\nPerformance is a selection of garments made of technical fibers that will keep you intact, and most of all, comfy all day long, whatever you do, wherever you go. Our performance selection includes a wide range of advanced features as bi-stretch, quick-dry, easy-iron, thermoregulator, breathable or water-repellent fabrics arranged in four general categories: Thermoregulator, Functional, Easy-care and Comfort.", "created_at": "2023-10-20T07:53:50.366Z", "last_modified": null, "gender": "Unisex", "price": "100.00", "currency": 2, "old_price": null, "rating": null, "in_stock": true, "slug": "multi-pocket-cotton-jacket-298475366865246", "is_free_delivery": false, "is_ready_to_ship": true, "category": [4], "saved_by": []}}, {"model": "shop.product", "pk": 4, "fields": {"product_id": "307261484670854", "product_class": 3, "title": "Autum WInter Jacket", "description": "Dope", "created_at": "2023-10-20T07:57:39.422Z", "last_modified": null, "gender": "Unisex", "price": "84.00", "currency": 2, "old_price": null, "rating": null, "in_stock": true, "slug": "autum-winter-jacket-307261484670854", "is_free_delivery": true, "is_ready_to_ship": true, "category": [4], "saved_by": []}}, {"model": "shop.product", "pk": 5, "fields": {"product_id": "248483077734130", "product_class": 3, "title": "Luxury Trench Jacket", "description": "Dope", "created_at": "2023-10-20T08:01:34.036Z", "last_modified": null, "gender": "Men", "price": "95.00", "currency": 2, "old_price": null, "rating": null, "in_stock": true, "slug": "luxury-trench-jacket-248483077734130", "is_free_delivery": false, "is_ready_to_ship": false, "category": [4], "saved_by": []}}]