[
{
    "model": "shop.productclass",
    "pk": 1,
    "fields": {
        "name": "Foot Wear",
        "slug": "foot-wear"
    }
},
{
    "model": "shop.productclass",
    "pk": 2,
    "fields": {
        "name": "Accessories",
        "slug": "accessories"
    }
},
{
    "model": "shop.productclass",
    "pk": 3,
    "fields": {
        "name": "Clothing",
        "slug": "clothing"
    }
},
{
    "model": "shop.productclass",
    "pk": 6,
    "fields": {
        "name": "Sales/Promotions",
        "slug": "salespromotions"
    }
},
{
    "model": "shop.productclass",
    "pk": 7,
    "fields": {
        "name": "Bags",
        "slug": "bags"
    }
},
{
    "model": "shop.productattributeoption",
    "pk": 1,
    "fields": {
        "option": "40",
        "img": "",
        "group": 1
    }
},
{
    "model": "shop.productattributeoption",
    "pk": 2,
    "fields": {
        "option": "41",
        "img": "",
        "group": 1
    }
},
{
    "model": "shop.productattributeoption",
    "pk": 3,
    "fields": {
        "option": "42",
        "img": "",
        "group": 1
    }
},
{
    "model": "shop.productattributeoption",
    "pk": 4,
    "fields": {
        "option": "43",
        "img": "",
        "group": 1
    }
},
{
    "model": "shop.productattributeoption",
    "pk": 5,
    "fields": {
        "option": "44",
        "img": "",
        "group": 1
    }
},
{
    "model": "shop.productattributeoption",
    "pk": 6,
    "fields": {
        "option": "45",
        "img": "",
        "group": 1
    }
},
{
    "model": "shop.productattributeoption",
    "pk": 7,
    "fields": {
        "option": "46",
        "img": "",
        "group": 1
    }
},
{
    "model": "shop.productattributeoption",
    "pk": 8,
    "fields": {
        "option": "Black",
        "img": "",
        "group": 2
    }
},
{
    "model": "shop.productattributeoption",
    "pk": 9,
    "fields": {
        "option": "white",
        "img": "",
        "group": 2
    }
},
{
    "model": "shop.productattributeoption",
    "pk": 10,
    "fields": {
        "option": "brown",
        "img": "",
        "group": 2
    }
},
{
    "model": "shop.productattributeoption",
    "pk": 11,
    "fields": {
        "option": "pure leather",
        "img": "",
        "group": 3
    }
},
{
    "model": "shop.productattributeoption",
    "pk": 12,
    "fields": {
        "option": "croc skin",
        "img": "option_images/2150394929.jpg",
        "group": 3
    }
},
{
    "model": "shop.productattributeoption",
    "pk": 13,
    "fields": {
        "option": "synthetic leather",
        "img": "",
        "group": 3
    }
},
{
    "model": "shop.productattributeoption",
    "pk": 14,
    "fields": {
        "option": "sued",
        "img": "",
        "group": 3
    }
},
{
    "model": "shop.productattributeoption",
    "pk": 15,
    "fields": {
        "option": "cotton",
        "img": "option_images/27534.jpg",
        "group": 3
    }
},
{
    "model": "shop.productattributeoption",
    "pk": 16,
    "fields": {
        "option": "52",
        "img": "",
        "group": 1
    }
},
{
    "model": "shop.productattributeoption",
    "pk": 17,
    "fields": {
        "option": "50",
        "img": "",
        "group": 1
    }
},
{
    "model": "shop.productattributeoptiongroup",
    "pk": 1,
    "fields": {
        "name": "size"
    }
},
{
    "model": "shop.productattributeoptiongroup",
    "pk": 2,
    "fields": {
        "name": "colour"
    }
},
{
    "model": "shop.productattributeoptiongroup",
    "pk": 3,
    "fields": {
        "name": "material"
    }
},
{
    "model": "shop.productattribute",
    "pk": 1,
    "fields": {
        "name": "size",
        "code": "size",
        "type": "multi_option",
        "required": true,
        "product_class": 6,
        "option_group": 1
    }
},
{
    "model": "shop.productattribute",
    "pk": 2,
    "fields": {
        "name": "colour",
        "code": "CLR",
        "type": "multi_option",
        "required": true,
        "product_class": 1,
        "option_group": 2
    }
},
{
    "model": "shop.productattribute",
    "pk": 3,
    "fields": {
        "name": "material",
        "code": "MAT",
        "type": "multi_option",
        "required": true,
        "product_class": 1,
        "option_group": 3
    }
},
{
    "model": "shop.productattributevalue",
    "pk": 1,
    "fields": {
        "value_text": "",
        "value_integer": null,
        "value_boolean": null,
        "value_float": null,
        "value_richtext": "",
        "value_date": null,
        "value_datetime": null,
        "product": 1,
        "attribute": 1,
        "value_option": null,
        "value_multi_option": [
            1,
            2,
            3,
            4,
            5,
            6,
            7
        ]
    }
},
{
    "model": "shop.productattributevalue",
    "pk": 2,
    "fields": {
        "value_text": "",
        "value_integer": null,
        "value_boolean": null,
        "value_float": null,
        "value_richtext": "",
        "value_date": null,
        "value_datetime": null,
        "product": 1,
        "attribute": 2,
        "value_option": null,
        "value_multi_option": [
            8,
            10
        ]
    }
},
{
    "model": "shop.productattributevalue",
    "pk": 3,
    "fields": {
        "value_text": "",
        "value_integer": null,
        "value_boolean": null,
        "value_float": null,
        "value_richtext": "",
        "value_date": null,
        "value_datetime": null,
        "product": 1,
        "attribute": 3,
        "value_option": null,
        "value_multi_option": [
            12
        ]
    }
},
{
    "model": "shop.productattributevalue",
    "pk": 4,
    "fields": {
        "value_text": "cotton",
        "value_integer": null,
        "value_boolean": null,
        "value_float": null,
        "value_richtext": "",
        "value_date": null,
        "value_datetime": null,
        "product": 2,
        "attribute": 3,
        "value_option": null,
        "value_multi_option": [
            15
        ]
    }
},
{
    "model": "shop.productattributevalue",
    "pk": 5,
    "fields": {
        "value_text": "",
        "value_integer": null,
        "value_boolean": null,
        "value_float": null,
        "value_richtext": "",
        "value_date": null,
        "value_datetime": null,
        "product": 2,
        "attribute": 1,
        "value_option": null,
        "value_multi_option": [
            16,
            17
        ]
    }
},
{
    "model": "shop.productcategory",
    "pk": 1,
    "fields": {
        "path": "00020004",
        "depth": 2,
        "numchild": 0,
        "name": "Casual Shoes",
        "_name_verbose": "Casual Shoes",
        "description": "",
        "slug": "shoes-1",
        "meta_title": null,
        "meta_description": "",
        "is_public": true,
        "ancestors_are_public": true,
        "image": "",
        "product_class": 1,
        "gender": "Unisex"
    }
},
{
    "model": "shop.productcategory",
    "pk": 2,
    "fields": {
        "path": "00020003",
        "depth": 2,
        "numchild": 0,
        "name": "Formal Shoe",
        "_name_verbose": "Formal Shoes",
        "description": "",
        "slug": "formal-shoes-2",
        "meta_title": null,
        "meta_description": "",
        "is_public": true,
        "ancestors_are_public": true,
        "image": "",
        "product_class": 1,
        "gender": "Unisex"
    }
},
{
    "model": "shop.productcategory",
    "pk": 4,
    "fields": {
        "path": "00010006",
        "depth": 2,
        "numchild": 0,
        "name": "Jackets and coats",
        "_name_verbose": "Jackets and coats",
        "description": "",
        "slug": "jackets-4",
        "meta_title": null,
        "meta_description": "",
        "is_public": true,
        "ancestors_are_public": true,
        "image": "",
        "product_class": 3,
        "gender": "Unisex"
    }
},
{
    "model": "shop.productcategory",
    "pk": 5,
    "fields": {
        "path": "00030001",
        "depth": 2,
        "numchild": 0,
        "name": "ankara",
        "_name_verbose": "ankara",
        "description": "",
        "slug": "ankara-5",
        "meta_title": null,
        "meta_description": "",
        "is_public": true,
        "ancestors_are_public": true,
        "image": "",
        "product_class": 3,
        "gender": "Unisex"
    }
},
{
    "model": "shop.productcategory",
    "pk": 6,
    "fields": {
        "path": "0001",
        "depth": 1,
        "numchild": 8,
        "name": "Ready To Wear",
        "_name_verbose": "Ready To Wear",
        "description": "",
        "slug": "ready-to-wear-6",
        "meta_title": null,
        "meta_description": "",
        "is_public": true,
        "ancestors_are_public": true,
        "image": "",
        "product_class": null,
        "gender": "Unisex"
    }
},
{
    "model": "shop.productcategory",
    "pk": 7,
    "fields": {
        "path": "00010008",
        "depth": 2,
        "numchild": 0,
        "name": "Dresses",
        "_name_verbose": "Dresses",
        "description": "",
        "slug": "dresses-7",
        "meta_title": null,
        "meta_description": "",
        "is_public": true,
        "ancestors_are_public": true,
        "image": "",
        "product_class": 3,
        "gender": "Unisex"
    }
},
{
    "model": "shop.productcategory",
    "pk": 8,
    "fields": {
        "path": "00010007",
        "depth": 2,
        "numchild": 0,
        "name": "Knitwear",
        "_name_verbose": "Knitwear",
        "description": "",
        "slug": "knitwear-8",
        "meta_title": null,
        "meta_description": "",
        "is_public": true,
        "ancestors_are_public": true,
        "image": "",
        "product_class": 3,
        "gender": "Unisex"
    }
},
{
    "model": "shop.productcategory",
    "pk": 9,
    "fields": {
        "path": "0002",
        "depth": 1,
        "numchild": 5,
        "name": "Foot wear",
        "_name_verbose": "Foot wears",
        "description": "",
        "slug": "foot-wears-9",
        "meta_title": null,
        "meta_description": "",
        "is_public": true,
        "ancestors_are_public": true,
        "image": "",
        "product_class": 1,
        "gender": "Unisex"
    }
},
{
    "model": "shop.productcategory",
    "pk": 10,
    "fields": {
        "path": "0003",
        "depth": 1,
        "numchild": 1,
        "name": "Bespoke",
        "_name_verbose": "Bespokes",
        "description": "",
        "slug": "bespokes-10",
        "meta_title": null,
        "meta_description": "",
        "is_public": true,
        "ancestors_are_public": true,
        "image": "",
        "product_class": 3,
        "gender": "Unisex"
    }
},
{
    "model": "shop.productcategory",
    "pk": 11,
    "fields": {
        "path": "00010005",
        "depth": 2,
        "numchild": 0,
        "name": "Skirt",
        "_name_verbose": "Skirts",
        "description": "",
        "slug": "skirts-11",
        "meta_title": null,
        "meta_description": "",
        "is_public": true,
        "ancestors_are_public": true,
        "image": "",
        "product_class": 3,
        "gender": "Unisex"
    }
},
{
    "model": "shop.productcategory",
    "pk": 12,
    "fields": {
        "path": "00010004",
        "depth": 2,
        "numchild": 0,
        "name": "Shirts and tops",
        "_name_verbose": "Shirts and tops",
        "description": "",
        "slug": "shirts-and-tops-12",
        "meta_title": null,
        "meta_description": "",
        "is_public": true,
        "ancestors_are_public": true,
        "image": "",
        "product_class": 3,
        "gender": "Unisex"
    }
},
{
    "model": "shop.productcategory",
    "pk": 13,
    "fields": {
        "path": "00010003",
        "depth": 2,
        "numchild": 0,
        "name": "Trousers and shorts",
        "_name_verbose": "Trousers and shorts",
        "description": "",
        "slug": "trousers-and-shorts-13",
        "meta_title": null,
        "meta_description": "",
        "is_public": true,
        "ancestors_are_public": true,
        "image": "",
        "product_class": 3,
        "gender": "Unisex"
    }
},
{
    "model": "shop.productcategory",
    "pk": 14,
    "fields": {
        "path": "00020002",
        "depth": 2,
        "numchild": 0,
        "name": "Loafers",
        "_name_verbose": "Loafers",
        "description": "",
        "slug": "loafers-14",
        "meta_title": null,
        "meta_description": "",
        "is_public": true,
        "ancestors_are_public": true,
        "image": "",
        "product_class": 1,
        "gender": "Unisex"
    }
},
{
    "model": "shop.productcategory",
    "pk": 15,
    "fields": {
        "path": "00020001",
        "depth": 2,
        "numchild": 0,
        "name": "Sneakers",
        "_name_verbose": "Sneakers",
        "description": "",
        "slug": "sneakers-15",
        "meta_title": null,
        "meta_description": "",
        "is_public": true,
        "ancestors_are_public": true,
        "image": "",
        "product_class": 1,
        "gender": "Unisex"
    }
},
{
    "model": "shop.productcategory",
    "pk": 16,
    "fields": {
        "path": "00020005",
        "depth": 2,
        "numchild": 0,
        "name": "Sandals",
        "_name_verbose": "Sandals",
        "description": "",
        "slug": "sandals-16",
        "meta_title": null,
        "meta_description": "",
        "is_public": true,
        "ancestors_are_public": true,
        "image": "",
        "product_class": 1,
        "gender": "Unisex"
    }
},
{
    "model": "shop.productcategory",
    "pk": 17,
    "fields": {
        "path": "00090001",
        "depth": 2,
        "numchild": 0,
        "name": "Sunglasses",
        "_name_verbose": "Sunglasses",
        "description": "",
        "slug": "sunglasses-17",
        "meta_title": null,
        "meta_description": "",
        "is_public": true,
        "ancestors_are_public": true,
        "image": "",
        "product_class": 2,
        "gender": "Unisex"
    }
},
{
    "model": "shop.productcategory",
    "pk": 18,
    "fields": {
        "path": "0009",
        "depth": 1,
        "numchild": 4,
        "name": "Accessories",
        "_name_verbose": "Accessories",
        "description": "",
        "slug": "accessories-18",
        "meta_title": null,
        "meta_description": "",
        "is_public": true,
        "ancestors_are_public": true,
        "image": "",
        "product_class": 2,
        "gender": "Unisex"
    }
},
{
    "model": "shop.productcategory",
    "pk": 19,
    "fields": {
        "path": "00090002",
        "depth": 2,
        "numchild": 0,
        "name": "Jewels",
        "_name_verbose": "Jewels",
        "description": "",
        "slug": "jewels-19",
        "meta_title": null,
        "meta_description": "",
        "is_public": true,
        "ancestors_are_public": true,
        "image": "",
        "product_class": 2,
        "gender": "Unisex"
    }
},
{
    "model": "shop.productcategory",
    "pk": 20,
    "fields": {
        "path": "00090004",
        "depth": 2,
        "numchild": 0,
        "name": "Belts",
        "_name_verbose": "Belts",
        "description": "",
        "slug": "belts-20",
        "meta_title": null,
        "meta_description": "",
        "is_public": true,
        "ancestors_are_public": true,
        "image": "",
        "product_class": 2,
        "gender": "Unisex"
    }
},
{
    "model": "shop.productcategory",
    "pk": 21,
    "fields": {
        "path": "00090003",
        "depth": 2,
        "numchild": 0,
        "name": "Watches",
        "_name_verbose": "Watches",
        "description": "",
        "slug": "watches-21",
        "meta_title": null,
        "meta_description": "",
        "is_public": true,
        "ancestors_are_public": true,
        "image": "",
        "product_class": 2,
        "gender": "Unisex"
    }
},
{
    "model": "shop.productcategory",
    "pk": 22,
    "fields": {
        "path": "00010001",
        "depth": 2,
        "numchild": 1,
        "name": "Outfits or Sets",
        "_name_verbose": "Outfits or Sets",
        "description": "",
        "slug": "outfits-or-sets-22",
        "meta_title": null,
        "meta_description": "",
        "is_public": true,
        "ancestors_are_public": true,
        "image": "",
        "product_class": 3,
        "gender": "Unisex"
    }
},
{
    "model": "shop.productcategory",
    "pk": 23,
    "fields": {
        "path": "000100010001",
        "depth": 3,
        "numchild": 0,
        "name": "Trousers & Shirt Sets",
        "_name_verbose": "Trousers & Shirt Sets",
        "description": "",
        "slug": "trousers-shirt-sets-23",
        "meta_title": null,
        "meta_description": "",
        "is_public": true,
        "ancestors_are_public": true,
        "image": "",
        "product_class": 3,
        "gender": "Unisex"
    }
},
{
    "model": "shop.productcategory",
    "pk": 24,
    "fields": {
        "path": "00010002",
        "depth": 2,
        "numchild": 1,
        "name": "Traditional Wear",
        "_name_verbose": "Traditional Wear",
        "description": "",
        "slug": "traditional-wear-24",
        "meta_title": null,
        "meta_description": "",
        "is_public": true,
        "ancestors_are_public": true,
        "image": "",
        "product_class": 3,
        "gender": "Unisex"
    }
},
{
    "model": "shop.productcategory",
    "pk": 25,
    "fields": {
        "path": "000100020001",
        "depth": 3,
        "numchild": 0,
        "name": "Senator Suit",
        "_name_verbose": "Senator Suit",
        "description": "",
        "slug": "senator-suit-25",
        "meta_title": null,
        "meta_description": "",
        "is_public": true,
        "ancestors_are_public": true,
        "image": "",
        "product_class": 3,
        "gender": "Unisex"
    }
}

]
